"PM25","lon","lat"
5.76508548387097,-74.94093,38.95946
5.74907548387097,-74.73782,39.14389
5.59943612903226,-74.87363,39.17014
5.87406258064516,-75.14555,39.22215
6.05804451612903,-74.70383,39.24918
6.03991967741936,-74.83983,39.27546
6.30789290322581,-74.97593,39.30159
6.40314967741935,-75.11214,39.32755
6.53750774193548,-74.53365,39.32797
6.45842225806452,-75.24844,39.35336
6.52691225806452,-74.66974,39.35445
6.3904564516129,-75.38484,39.37901
6.29113903225806,-74.80593,39.38078
6.95203193548387,-74.94222,39.40694
7.63296935483871,-75.07862,39.43294
7.00958580645161,-74.49926,39.4332
7.34967161290323,-75.21512,39.45879
6.90476129032258,-74.63554,39.45972
7.03738967741935,-75.35172,39.48448
6.63792290322581,-74.77193,39.48608
7.28259032258064,-75.48841,39.51001
7.02128806451613,-74.90842,39.51228
7.52226193548387,-75.045,39.53832
6.33628612903226,-74.46478,39.53841
7.25887838709677,-75.18169,39.56421
6.52725,-74.60125,39.56497
7.35292419354839,-75.31848,39.58994
6.69845483870968,-74.73782,39.59137
7.92025225806452,-75.45537,39.61551
6.21817483870968,-74.29362,39.61686
7.10552258064516,-74.8745,39.61761
6.37096580645161,-74.43018,39.64361
7.4384864516129,-75.01128,39.64369
7.72517193548387,-75.14816,39.66962
6.41893870967742,-74.56685,39.67021
8.11067032258065,-75.28515,39.69538
6.69808967741935,-74.70361,39.69665
8.76381032258064,-75.42223,39.72099
6.66152838709677,-74.25874,39.72201
7.31080903225806,-74.84048,39.72293
5.95052483870968,-80.18271,39.72914
6.3207435483871,-78.02409,39.7299
7.24337677419355,-76.72308,39.73261
5.38659387096774,-79.46319,39.73378
5.78491161290323,-78.74362,39.73403
7.42944709677419,-76.1413,39.74096
6.57701258064516,-77.44253,39.74466
6.45101967741935,-74.39548,39.7488
5.73223580645161,-80.32145,39.74902
8.09727774193548,-74.97746,39.74905
6.33956838709677,-78.16218,39.75232
5.41327677419355,-79.60173,39.75451
5.48436709677419,-78.88194,39.7556
7.40309677419355,-76.86074,39.75654
7.10108967741936,-76.27879,39.76556
7.32182161290323,-77.58046,39.76775
5.7637064516129,-80.46027,39.76875
5.76250064516129,-78.30035,39.77457
8.60429225806452,-75.11454,39.77501
5.71980903225806,-79.74035,39.77507
6.49849419354839,-74.53235,39.77544
5.49043290322581,-79.02036,39.77702
8.26317322580645,-76.9985,39.78032
7.06460967741936,-76.41636,39.79002
7.83093451612903,-77.71848,39.79068
6.48387419354839,-79.87906,39.79548
5.56320032258065,-78.43862,39.79667
8.12137193548387,-75.83408,39.79685
5.29618419354839,-79.15884,39.79827
5.60048935483871,-74.0869,39.80015
8.99202612903226,-75.25172,39.80082
6.80054516129032,-74.6693,39.80192
8.00214161290323,-77.13635,39.80393
7.16441677419355,-77.85659,39.81346
7.15611258064516,-76.55404,39.81431
6.11976419354839,-80.01784,39.81572
5.44500032258065,-78.57697,39.8186
5.35919612903226,-79.29742,39.81936
7.81557225806452,-75.97157,39.82182
9.3687629032258,-75.38899,39.82646
6.68083548387097,-74.22374,39.82714
7.34976870967742,-77.2743,39.82738
7.45355387096774,-74.80637,39.82824
6.43388161290323,-80.15671,39.8358
6.2689835483871,-77.99479,39.83607
7.46502419354839,-76.6918,39.83844
5.48237096774193,-79.43608,39.84028
5.41022451612903,-78.71542,39.84037
7.80211903225806,-76.10915,39.84663
6.3502435483871,-77.41234,39.85067
8.23867225806452,-75.52637,39.85195
6.5378935483871,-74.36069,39.85398
8.59210806451613,-74.94354,39.8544
6.09866096774194,-80.29565,39.85572
6.09007548387097,-78.13308,39.85852
5.75085677419355,-79.57483,39.86104
5.4721864516129,-78.85394,39.86197
7.91073709677419,-76.82967,39.86241
7.71189290322581,-76.24683,39.87127
7.02359161290323,-77.55047,39.8738
6.15799548387097,-80.43468,39.87547
7.95385483870968,-75.66386,39.87727
9.45529967741936,-75.08081,39.8804
6.79033709677419,-74.49773,39.88066
5.86804322580645,-78.27146,39.8808
7.04536161290323,-79.71365,39.88164
5.7689964516129,-78.99255,39.88342
7.60313935483871,-76.96763,39.88622
7.34735032258065,-76.3846,39.89576
8.04519322580645,-77.68869,39.89677
6.92110677419355,-79.85256,39.90208
7.76390774193548,-75.80144,39.90244
5.73630322580645,-78.40993,39.90293
5.55029419354839,-79.13125,39.9047
5.82950548387097,-74.05161,39.90524
10.3143861290323,-75.21819,39.90624
7.33478870967742,-74.6349,39.90717
7.66523193548387,-77.10567,39.90986
6.70833806451613,-77.827,39.91957
7.76459,-76.52247,39.92009
7.17449290322581,-79.99155,39.92235
5.78379,-78.54848,39.92489
5.54517193548387,-79.27003,39.92582
7.88779806451613,-75.93911,39.92744
9.28675,-75.35566,39.93192
7.56252483870968,-74.18864,39.93227
6.84997129032258,-77.24382,39.93335
8.35590580645161,-74.77215,39.93353
6.29523903225806,-77.96541,39.94222
7.26836032258064,-80.13062,39.94246
8.91998483870968,-76.66044,39.94425
5.55408129032258,-78.68713,39.94669
5.65382774193548,-79.4089,39.94678
8.11925387096774,-76.07689,39.95229
6.07557870967742,-77.38206,39.95668
8.40285451612903,-75.49323,39.95745
7.27059387096774,-74.32578,39.95914
9.08047322580645,-74.90952,39.95973
6.60792161290323,-80.26978,39.96241
5.90297096774194,-78.1039,39.9647
6.03826838709677,-79.54784,39.96757
9.04576548387097,-76.7985,39.96826
5.71705322580645,-78.82586,39.96833
8.58855612903226,-76.21477,39.97697
6.78656741935484,-77.52039,39.97984
6.76174064516129,-80.409,39.98219
8.7969664516129,-75.63091,39.98281
9.88348548387097,-75.04698,39.98577
7.03152741935484,-74.46303,39.98586
6.15722774193548,-78.24248,39.98702
6.87418516129032,-79.68687,39.9882
6.05224258064516,-78.96467,39.98981
7.33755225806452,-76.93665,39.9921
8.76503,-76.35274,40.0015
8.05364161290323,-77.65881,40.00284
8.53451096774194,-75.76868,40.00801
7.20593612903226,-79.82599,40.00867
6.64224935483871,-78.38115,40.00918
6.54850741935484,-79.10357,40.01112
9.98402387096774,-75.18455,40.01165
7.85804580645161,-74.60037,40.01242
7.17171516129032,-77.07491,40.01579
6.15598774193548,-77.79733,40.02568
8.35236774193548,-76.49081,40.02586
7.51484290322581,-79.96518,40.02897
7.09787419354839,-78.51991,40.03118
5.81347322580645,-79.24255,40.03228
8.01494741935484,-75.90656,40.03305
8.96688032258065,-75.32222,40.03737
7.66078483870968,-74.15343,40.03738
8.60590612903226,-74.73783,40.03881
6.59916290322581,-77.21325,40.03931
5.93622677419355,-77.93593,40.04836
7.18397225806452,-80.10446,40.04911
8.35657612903226,-76.62897,40.05006
5.83136129032258,-78.65875,40.05301
6.02216935483871,-79.38162,40.05326
8.39548419354839,-76.04453,40.05793
6.31720677419355,-77.35169,40.06267
8.81984741935484,-75.45999,40.06293
7.28269193548387,-74.29077,40.06429
9.64977129032258,-74.87539,40.06505
7.27256677419355,-80.24381,40.06909
5.8572735483871,-78.07462,40.07088
6.61762451612903,-79.52078,40.07409
8.44199483870968,-76.76723,40.0741
5.70770838709677,-78.79768,40.07468
8.83667451612903,-76.18261,40.08266
7.21318129032258,-77.49022,40.08587
8.44506161290323,-75.59786,40.08833
7.22371967741935,-80.38325,40.0889
6.92283677419355,-74.42821,40.09105
9.57704225806452,-75.01305,40.09113
5.68073064516129,-78.21341,40.09323
7.16483612903226,-79.66001,40.09475
5.83243483870968,-78.93671,40.09619
7.33731129032258,-76.90559,40.09798
9.22402193548387,-76.32078,40.10722
6.76812870967742,-77.62885,40.1089
7.8533035483871,-75.73584,40.11357
8.48895483870968,-79.79933,40.11525
5.91529483870968,-78.35228,40.11542
9.24974129032258,-75.15081,40.11705
6.21251129032258,-79.07581,40.11754
7.81813,-74.56575,40.11765
7.53326,-77.04404,40.1217
8.66873516129032,-76.45905,40.13161
6.15462548387097,-77.76756,40.13178
8.94689322580645,-79.93874,40.13558
6.32527193548387,-78.49124,40.13745
8.18335064516129,-75.87391,40.13865
5.82154838709677,-79.215,40.13872
7.37100774193548,-74.11813,40.14248
9.07902064516129,-75.28868,40.14281
8.87003838709677,-74.7034,40.14408
7.5366364516129,-77.18259,40.14526
5.83167838709677,-77.90636,40.15449
8.16494806451613,-80.07822,40.15575
8.54496967741936,-76.59741,40.15585
5.90134225806452,-78.63029,40.15932
6.19221806451613,-79.35427,40.15974
8.27774032258065,-76.01208,40.16357
9.06700290322581,-75.42664,40.16841
6.84850225806452,-77.32123,40.16865
7.39966870967742,-74.25565,40.16943
9.66458741935484,-74.84116,40.17036
8.92685967741935,-80.21777,40.17576
5.8167635483871,-78.04527,40.17704
8.3104235483871,-76.73587,40.17993
7.06714677419355,-79.49363,40.1806
5.99567322580645,-78.76942,40.18102
8.76402935483871,-76.15035,40.18833
6.53475322580645,-77.45996,40.19188
9.47622322580645,-75.56472,40.19384
7.59376096774194,-80.35742,40.1956
7.19759,-74.39329,40.19623
8.93020774193548,-74.97901,40.19648
5.75154548387097,-78.18425,40.19943
8.10462806451613,-79.63307,40.20129
6.49093935483871,-78.90865,40.20256
8.58092258064516,-76.87443,40.20385
7.99608064516129,-76.28873,40.21292
6.09892516129032,-77.59879,40.21495
7.24597806451613,-80.49714,40.21528
8.28655967741935,-75.70289,40.21912
6.07540096774194,-78.32333,40.22165
8.69475129032258,-79.7726,40.22182
9.05418419354839,-75.11697,40.22243
8.01103483870968,-74.53102,40.22286
6.16012838709677,-79.04796,40.22394
8.2561864516129,-77.01308,40.2276
7.76095064516129,-76.42719,40.23736
5.9274264516129,-77.7377,40.23787
8.97870258064516,-79.9122,40.24218
6.30227870967742,-78.46249,40.24372
7.74834741935484,-75.84116,40.24424
6.27688903225806,-79.18736,40.24516
7.34264290322581,-74.08271,40.24756
8.93046290322581,-75.25504,40.24823
8.35988419354839,-74.66887,40.24934
7.41623290322581,-77.15183,40.25119
5.86650387096774,-77.87671,40.26061
8.18453870967742,-76.56576,40.26163
9.04245516129032,-80.05189,40.26238
5.82917290322581,-78.60175,40.26562
7.0539464516129,-79.32684,40.2662
8.0606,-75.97953,40.2692
8.42600096774193,-75.3932,40.27387
7.37703419354839,-74.22043,40.27456
6.42362290322581,-77.29067,40.27462
8.32035451612903,-74.80682,40.27565
8.96825774193548,-80.19166,40.28242
5.68730548387097,-78.01581,40.2832
8.23602516129032,-76.70441,40.28575
8.1961135483871,-79.4664,40.28709
6.30580516129032,-78.74108,40.28735
7.80331967741935,-76.118,40.29399
6.11874387096774,-77.4296,40.29789
8.01723935483871,-75.53147,40.29934
7.36109774193548,-74.35825,40.30139
7.91033838709677,-74.94487,40.30181
7.72188193548387,-80.3315,40.30229
5.82409612903226,-78.155,40.30561
9.13939161290323,-79.60604,40.30782
7.53969322580645,-78.88051,40.30893
8.25792677419355,-76.84318,40.3097
7.73577064516129,-76.25657,40.31862
6.1128764516129,-77.56863,40.321
7.61386838709677,-80.47144,40.322
8.11159290322581,-75.66984,40.32466
8.22694935483871,-75.08303,40.3278
6.34466838709677,-78.29428,40.32787
7.7137764516129,-74.49619,40.32806
9.59018677419355,-79.74577,40.32838
7.38391709677419,-79.02003,40.33033
7.18790096774194,-76.98203,40.33349
8.13159677419355,-76.39524,40.34309
5.83000193548387,-77.70776,40.34394
10.8486922580645,-79.88559,40.34877
8.10488612903226,-75.80831,40.34981
6.5252935483871,-78.43365,40.34997
6.51872774193548,-79.15962,40.35158
6.95044419354839,-74.04718,40.35263
7.98160612903226,-75.22129,40.35364
7.58778677419355,-74.63423,40.35458
6.77816806451613,-77.12098,40.35712
5.99280903225806,-77.84696,40.36672
7.55201935483871,-76.534,40.3674
10.0237596774194,-80.02548,40.369
5.73119,-78.5731,40.3719
7.13503516129032,-79.29931,40.37266
9.0333264516129,-75.94688,40.37481
7.57353903225806,-75.35966,40.37931
7.45755032258065,-74.1851,40.37966
6.5345935483871,-77.26002,40.38058
7.15002774193548,-74.77238,40.38094
8.62286193548387,-80.16546,40.38907
5.8443064516129,-77.98627,40.38934
6.88558967741935,-76.67287,40.39156
7.40477838709677,-79.43908,40.39358
6.0266235483871,-78.71265,40.39367
7.4416364516129,-76.08555,40.39964
6.23351806451613,-77.39915,40.40388
7.71044935483871,-75.49812,40.40483
7.51737483870968,-74.32312,40.40654
7.39202935483871,-74.91063,40.40713
7.93329935483871,-80.30552,40.40897
6.05924064516129,-78.12566,40.41179
8.24360193548387,-79.57893,40.41434
6.11026064516129,-78.85229,40.41528
6.43948516129032,-76.81183,40.41554
7.37975096774194,-76.22432,40.42431
5.98057806451613,-77.53839,40.42702
7.53196258064516,-80.44566,40.42871
7.21584483870968,-75.63669,40.43018
7.07142967741935,-75.04898,40.43316
7.85018193548387,-74.46125,40.43325
6.45586258064516,-78.26514,40.43408
9.24995096774194,-79.71887,40.43493
6.38255129032258,-78.992,40.43672
6.66902290322581,-76.95088,40.43937
7.23092741935484,-76.36319,40.44881
5.89283967741935,-77.67771,40.45
10.0743912903226,-79.85889,40.45535
7.74498451612903,-75.77536,40.45537
7.44367322580645,-78.40472,40.45621
6.37189935483871,-74.01155,40.45768
6.43442,-79.13181,40.458
7.09370838709677,-75.18745,40.45904
7.68703806451613,-74.59949,40.45981
6.65395935483871,-77.09003,40.46303
6.0119364516129,-77.81712,40.47282
6.70175709677419,-76.50215,40.47316
10.0991761290323,-79.99899,40.47562
6.08478580645161,-78.54438,40.47818
7.04185258064516,-79.27171,40.47911
7.96619193548387,-75.91413,40.4804
7.27598741935484,-75.326,40.48475
7.38372677419355,-74.73783,40.4862
6.33587032258064,-77.22928,40.48653
6.20684064516129,-77.95663,40.49547
8.94641129032258,-80.13918,40.49571
6.16646709677419,-76.64122,40.49735
6.24277677419355,-78.68414,40.49998
6.85445322580645,-79.41168,40.50006
7.05431193548387,-76.053,40.50527
6.62977419354839,-77.36861,40.50986
7.72326741935484,-75.46467,40.5103
8.04915516129032,-74.28788,40.51167
7.82552612903226,-74.87628,40.51244
7.97923290322581,-80.27945,40.51564
6.27321483870968,-78.09623,40.51796
7.47457161290323,-79.55174,40.52084
6.30434838709677,-76.78038,40.52137
5.8750735483871,-78.82397,40.52161
6.69428290322581,-76.19197,40.52998
6.24607096774194,-77.50805,40.53304
7.10624612903226,-80.41979,40.53541
8.27673903225807,-75.60344,40.53569
8.36052096774194,-74.42621,40.53843
7.27993838709677,-75.01483,40.53851
6.03191612903226,-78.23592,40.54028
8.28210225806452,-79.69189,40.54147
6.07465032258064,-78.9639,40.54309
6.59968032258065,-76.91963,40.54523
6.43968838709677,-76.33104,40.55452
6.57410322580645,-77.64758,40.55605
7.29690548387097,-75.74231,40.56092
8.65623870967742,-79.83212,40.56192
6.58171741935484,-78.3757,40.56244
6.84470193548387,-79.10391,40.5644
7.19103193548387,-75.15349,40.56442
8.2142029032258,-74.56464,40.56502
6.51862935483871,-77.05899,40.56893
6.27541129032258,-77.78719,40.5789
6.28531741935484,-76.47021,40.57891
8.78491161290323,-79.97243,40.58221
5.80425322580645,-78.51557,40.58444
6.98466193548387,-79.24401,40.58554
6.89235322580645,-75.88128,40.58599
8.20622419354839,-74.11411,40.58984
8.01273096774194,-75.29225,40.59017
7.96296387096774,-74.70318,40.59145
6.66112258064516,-77.19844,40.59246
5.99220580645161,-77.92691,40.60159
8.28459451612903,-80.11282,40.60234
6.19917419354839,-76.60947,40.60313
6.03811419354839,-78.65553,40.60627
6.74014096774193,-79.38419,40.60653
6.74956935483871,-76.02035,40.61089
7.21795290322581,-73.66328,40.61295
8.86428,-75.43111,40.61576
6.60126258064516,-77.33798,40.61583
9.04480870967742,-74.25253,40.61679
8.19949935483871,-74.84183,40.61773
9.00160225806452,-80.2533,40.6223
6.00495580645161,-78.06671,40.62411
6.40277903225806,-76.74883,40.62719
7.23742129032258,-79.52447,40.62734
5.93425032258065,-78.79557,40.62794
5.35965064516129,-73.21214,40.63437
7.01177806451613,-76.15952,40.63564
6.28538290322581,-77.47762,40.63904
8.32015161290322,-73.80156,40.64043
8.04776774193548,-75.57008,40.64119
7.75351709677419,-80.39385,40.6421
7.68364225806452,-74.39105,40.64358
7.61743903225806,-74.98058,40.64384
6.14961967741936,-78.2066,40.64647
7.86623903225806,-79.66482,40.64799
5.93926290322581,-78.93571,40.64945
6.60485741935484,-76.8883,40.65108
6.27671064516129,-76.29879,40.66022
6.77896451612903,-77.61735,40.66209
6.70881516129032,-75.70915,40.66645
11.5157790322581,-73.93996,40.66774
7.48852774193548,-79.80525,40.66848
5.78319774193548,-78.34659,40.66866
8.73881064516129,-75.11944,40.66978
6.97873064516129,-74.52969,40.67022
6.33535290322581,-79.07593,40.67079
6.31070677419355,-77.02785,40.67481
6.25718580645161,-76.43816,40.68464
5.87672741935484,-77.75717,40.68497
7.90246193548387,-79.94578,40.6888
7.66264903225806,-73.48855,40.6902
5.59873322580645,-78.48666,40.69069
6.34355258064516,-75.84833,40.69156
6.34274096774194,-79.21623,40.69197
9.53147322580645,-74.07846,40.6949
10.8340070967742,-75.2584,40.69558
6.71549451612903,-74.66843,40.69669
6.13410451612903,-77.1675,40.69838
6.03445870967742,-77.89709,40.70769
6.26181677419355,-76.57763,40.70889
8.68855290322581,-80.08638,40.70896
5.62201419354839,-78.62683,40.71255
6.74464290322581,-79.35662,40.71298
6.17863967741936,-75.9876,40.7165
8.13385451612903,-73.62692,40.71788
8.10741838709678,-75.39746,40.7212
5.95858290322581,-77.30725,40.72179
8.96741290322581,-74.21707,40.72189
6.53997612903226,-74.80727,40.723
8.13480258064516,-80.22707,40.72895
5.77556387096774,-78.0371,40.73024
6.36402322580645,-76.71719,40.73299
6.90547838709677,-79.4971,40.73383
5.67445225806452,-78.76708,40.73426
6.37639290322581,-73.17509,40.73916
6.25315677419355,-76.12697,40.74128
5.66729483870968,-77.4471,40.74503
9.55102548387097,-73.7654,40.7454
7.45604903225806,-75.53663,40.74667
7.55838870967742,-74.3558,40.74873
7.85162161290323,-80.36783,40.74878
6.90173225806452,-74.94622,40.74915
5.78072483870968,-78.1772,40.75264
7.10092096774193,-79.63766,40.75451
5.8084164516129,-78.90742,40.75579
6.96196161290323,-76.85686,40.75692
4.97808290322581,-72.72299,40.75874
6.17506967741935,-76.26644,40.7659
7.05619903225806,-73.31343,40.7672
6.02683,-77.58703,40.76811
7.17999483870968,-80.50868,40.76844
6.94896580645161,-75.6759,40.77197
5.6156464516129,-78.31739,40.77486
7.4152435483871,-79.77831,40.77503
7.13592838709677,-75.08528,40.77514
6.96481677419355,-74.49463,40.7754
6.03343225806452,-79.04785,40.77717
6.66168290322581,-76.99662,40.78069
5.69763322580645,-72.86119,40.78729
6.11537129032258,-76.40601,40.79035
6.28830870967742,-77.72706,40.79103
6.99283774193548,-73.45189,40.79507
7.79896483870968,-79.91904,40.79538
5.58342322580645,-78.45767,40.79693
6.26747032258065,-75.81528,40.79711
6.10271096774194,-79.18837,40.79838
10.2011225806452,-74.04269,40.79995
7.52446967741935,-75.22444,40.80096
6.30355290322581,-74.63356,40.80191
6.10822387096774,-77.13647,40.80429
7.67204064516129,-77.86719,40.81378
6.42905193548387,-76.54568,40.81464
7.82477838709677,-80.05985,40.81557
6.37489258064516,-72.9995,40.81569
5.55506193548387,-78.59805,40.81882
6.39160483870968,-79.32897,40.81942
6.02971612903226,-75.95475,40.82209
6.99362612903226,-73.59045,40.82279
6.67139516129032,-75.3637,40.82663
8.90724903225806,-74.18151,40.82698
5.59235451612903,-77.27643,40.82773
6.56957806451613,-74.77261,40.82826
5.11832193548387,-72.54685,40.83461
7.59083741935484,-80.20075,40.83559
5.74166612903226,-78.0074,40.83637
6.41785483870968,-76.68546,40.83877
6.84183870967742,-79.46966,40.8403
5.6487964516129,-78.73851,40.84056
6.36724,-73.13792,40.84393
5.88997419354839,-76.09432,40.84691
5.55888806451613,-77.41647,40.85101
6.47466290322581,-75.50307,40.85213
7.78596516129032,-74.32043,40.85385
6.24996193548387,-74.91176,40.85445
7.62094806451613,-80.34173,40.85545
5.51328870967742,-78.14771,40.8588
6.86727709677419,-79.61043,40.86102
5.74147161290323,-78.87906,40.86213
7.54149129032258,-76.82533,40.86274
5.16974096774194,-72.68513,40.86337
5.95210774193548,-76.234,40.87156
6.13371225806452,-73.27647,40.87201
5.85466032258065,-77.55662,40.87412
7.5328135483871,-80.48279,40.87514
6.10832064516129,-75.64255,40.87747
10.4587280645161,-73.86792,40.87774
6.59753419354839,-75.05101,40.88047
7.39271580645161,-74.45946,40.88056
5.77560387096774,-78.2881,40.88105
6.94584903225806,-79.75128,40.88156
5.9363335483871,-79.01969,40.88354
6.63917096774194,-76.96529,40.88654
5.32210967741935,-72.82352,40.89196
6.0840835483871,-76.37377,40.89605
6.48216161290323,-77.69685,40.89708
5.9112064516129,-73.41512,40.89993
7.81235548387097,-79.89223,40.90195
5.97505935483871,-75.78212,40.90265
5.49589838709677,-78.4286,40.90315
5.94672064516129,-79.16042,40.90478
8.91260935483871,-74.00682,40.90498
6.62951967741935,-75.19038,40.90634
6.88951806451613,-74.59859,40.90711
6.00411032258065,-77.10535,40.91018
4.70314967741936,-72.37032,40.91021
6.44670451612903,-77.83718,40.91986
6.60354,-76.51365,40.92038
5.60286516129032,-72.96203,40.9204
7.16239967741936,-80.03325,40.92216
5.63236677419355,-78.56918,40.92508
6.17313483870968,-79.30122,40.92585
6.07599580645161,-75.9218,40.92767
6.46306258064516,-75.32984,40.93204
8.5571064516129,-74.14584,40.93205
6.43681096774193,-74.73784,40.9335
5.47962193548387,-77.24551,40.93366
7.43283870967742,-80.17435,40.94221
5.49382709677419,-77.97761,40.94248
6.94919709677419,-76.65363,40.94455
6.22984322580645,-79.44212,40.94676
5.64061419354839,-78.70984,40.94685
5.40452290322581,-73.10065,40.94868
6.12319967741935,-76.06158,40.95252
5.36273064516129,-77.38577,40.95697
6.12139451612903,-75.46941,40.95758
7.11942774193548,-74.28495,40.95896
6.09417032258064,-74.87719,40.95973
8.13018258064516,-80.31554,40.9621
5.49806129032258,-78.11812,40.96494
6.44887935483871,-79.58311,40.96751
4.84892870967742,-72.64715,40.96797
5.8786064516129,-78.8506,40.96845
7.77065258064516,-76.79369,40.96855
6.06802838709677,-76.20145,40.97721
5.61555741935484,-77.52611,40.98012
7.87945483870968,-80.45682,40.98182
8.08493161290323,-73.83174,40.98271
5.62265774193548,-75.60909,40.98296
4.55987612903226,-72.19341,40.98555
6.02111,-74.42418,40.98571
6.42961129032258,-75.01665,40.98579
5.64742612903226,-78.25873,40.98724
6.71161774193548,-79.72417,40.98809
6.29564870967742,-78.99145,40.98989
7.27554193548387,-76.93386,40.99239
6.51494225806452,-76.34143,41.00174
5.56547483870968,-77.66655,41.00311
5.74286516129032,-75.74886,41.00817
6.75619677419355,-79.86533,41.0085
6.1084964516129,-78.39942,41.00936
7.06763935483871,-73.97084,41.00999
6.10559387096774,-79.13238,41.01116
7.79263516129032,-75.1562,41.0117
6.03592967741935,-74.56351,41.0123
4.53209838709677,-72.33183,41.01472
5.61951967741935,-77.07413,41.01606
5.50662838709677,-77.80709,41.02592
7.20308709677419,-76.48151,41.0261
6.92920677419355,-80.00656,41.02875
5.59275129032258,-78.54021,41.03133
6.37201903225806,-79.2734,41.03227
5.96158774193548,-75.88874,41.03323
6.92487032258064,-74.11005,41.0371
6.37727064516129,-75.29588,41.03744
6.54005612903226,-74.70296,41.03873
5.39297935483871,-77.21449,41.03957
4.63748580645161,-72.47038,41.04372
5.29505129032258,-77.94772,41.04858
7.12544806451613,-80.14788,41.04883
6.54407870967742,-76.62169,41.0503
5.66521419354839,-78.68109,41.05313
6.30771709677419,-79.41451,41.05321
6.26945677419355,-76.02872,41.05812
5.50479258064516,-77.35496,41.06292
5.72015064516129,-75.43565,41.06301
6.15464225806452,-74.24937,41.06405
5.89198064516129,-74.84251,41.06499
7.57193096774193,-80.28928,41.06874
5.17874870967742,-78.08844,41.07107
6.44301838709677,-79.5557,41.07399
6.78512419354839,-76.76196,41.07434
6.15285064516129,-78.82205,41.07476
7.47772709677419,-76.16881,41.08285
6.22928870967742,-77.49551,41.0861
7.23852193548387,-73.79545,41.08767
5.45157258064516,-75.57552,41.08843
7.62923129032258,-80.43076,41.08849
5.80892741935484,-74.38879,41.09084
6.17084870967742,-74.98217,41.0911
5.21917419354839,-78.22926,41.0934
6.48330580645161,-79.69698,41.09459
5.98343193548387,-78.96311,41.09623
6.58232580645161,-76.90234,41.09822
6.34129774193548,-76.30899,41.10741
5.3158364516129,-77.63616,41.10912
5.61165935483871,-75.7155,41.11369
6.78402032258065,-73.93475,41.11498
6.4771364516129,-79.83834,41.11504
5.3461635483871,-78.37016,41.11556
6.13637838709677,-75.12193,41.11704
6.37836903225806,-74.52834,41.11747
6.19703258064516,-79.10426,41.11753
5.61236290322581,-77.04282,41.12193
6.04016193548387,-76.44927,41.13181
5.24743516129032,-77.7769,41.13198
6.73906677419355,-79.97979,41.13531
5.39034967741935,-78.51116,41.13756
6.33429483870968,-79.24548,41.13867
6.06118096774194,-75.85558,41.13877
6.48803580645161,-74.07416,41.14214
5.70008741935484,-75.2618,41.14282
6.35899064516129,-74.66798,41.14394
5.41145774193548,-77.18339,41.14547
5.08510677419355,-77.91774,41.15466
7.24550322580645,-80.12132,41.15543
5.89607935483871,-76.58966,41.15605
5.64572774193548,-78.65224,41.15939
6.57323193548387,-79.3868,41.15965
6.62251483870968,-75.99577,41.1637
5.80095903225806,-73.61966,41.16509
5.84300225806452,-75.40178,41.16843
5.79874225806452,-77.32405,41.16885
5.65199741935484,-74.21368,41.16913
5.63545806451613,-74.80773,41.17024
7.31283903225806,-80.26293,41.17537
5.04535483870968,-78.05867,41.17719
6.34708516129032,-76.73014,41.18012
6.49961290322581,-79.52821,41.18045
6.1053135483871,-78.79342,41.18106
6.03308322580645,-76.13606,41.18847
5.3623,-77.46481,41.19207
6.20858258064516,-73.75905,41.19261
5.35863483870968,-75.54185,41.19389
7.86986612903226,-80.40463,41.19515
5.66552516129032,-74.3533,41.19596
5.52541774193548,-74.94759,41.19638
5.12366838709678,-78.19969,41.19955
6.54632903225806,-79.6697,41.20109
5.80665709677419,-78.93468,41.20256
6.67261193548387,-76.87072,41.20403
5.59652322580645,-76.27644,41.21307
5.02649870967742,-77.60567,41.21512
5.85659967741935,-75.68204,41.21918
6.29841387096774,-73.89854,41.21996
6.56906290322581,-79.81127,41.22157
5.18604096774194,-78.34081,41.22174
5.3994464516129,-75.08755,41.22236
5.96829516129032,-74.49304,41.22263
5.87537967741935,-79.07604,41.22389
7.18095032258065,-77.0114,41.22778
5.63471483870968,-76.41694,41.2375
5.05731548387097,-77.74662,41.23801
6.69649774193548,-79.95293,41.24187
5.37416225806452,-78.48202,41.24377
7.10314741935484,-75.82233,41.2443
5.82388161290323,-79.21748,41.24506
5.94970838709677,-74.03815,41.24715
5.27100935483871,-75.22763,41.24818
6.47436,-74.63289,41.24913
5.5784135483871,-77.15218,41.25135
4.96205806451613,-77.88766,41.26073
5.50922290322581,-76.55753,41.26178
6.76609,-80.09468,41.26202
5.4969235483871,-78.62331,41.26564
6.11272677419355,-79.35902,41.26606
6.73166129032258,-75.96272,41.26927
5.56690612903226,-73.58295,41.26997
5.42432612903226,-75.36781,41.27383
5.63706129032258,-74.17787,41.27419
5.18347161290323,-77.29305,41.27477
5.67417225806452,-74.77284,41.27547
7.01458677419355,-80.2365,41.28199
4.98644741935484,-78.02881,41.28329
5.56742451612903,-76.69821,41.28588
6.14806838709677,-79.50063,41.2869
3.9386364516129,-69.97505,41.28696
5.82341290322581,-78.7647,41.28734
5.5316764516129,-76.10321,41.29407
6.1545964516129,-73.72253,41.29753
5.04582193548387,-77.43402,41.29802
5.61919935483871,-75.50809,41.29932
5.82222677419355,-74.3177,41.30106
5.63273419354839,-74.9129,41.30165
7.24111580645161,-80.37842,41.3018
5.06971903225806,-78.17004,41.30569
6.12553451612903,-79.64233,41.30758
5.50004967741936,-78.90617,41.30887
5.47753161290323,-76.839,41.30983
5.25221064516129,-76.2438,41.3187
4.93396032258064,-77.57509,41.32111
7.25699258064516,-80.52041,41.32144
6.17490741935484,-75.64848,41.32465
6.06880548387097,-73.86223,41.32492
5.51846225806452,-75.05307,41.32767
6.04875774193548,-74.45763,41.32776
5.13232806451613,-78.31136,41.32791
6.35956677419355,-79.78412,41.32808
5.52742064516129,-79.04774,41.33023
5.57871741935484,-76.97989,41.33361
4.39121580645161,-70.70788,41.33994
5.20665612903226,-76.3845,41.34318
4.98752129032258,-77.71625,41.34403
6.52432580645161,-79.92599,41.34842
7.39754419354839,-75.78897,41.34982
5.31338709677419,-78.45278,41.34998
5.58839709677419,-79.1894,41.35144
5.76677096774194,-74.00204,41.35215
5.39461451612903,-75.19334,41.35353
6.0836135483871,-74.59769,41.35431
5.37198258064516,-77.12087,41.35722
4.89470322580645,-77.85751,41.36679
5.24164129032258,-76.52529,41.36749
6.65711225806452,-80.06796,41.36859
5.75515322580645,-78.59429,41.37187
5.76682,-79.33114,41.37247
6.06592161290323,-75.92957,41.37482
5.94602612903226,-75.33372,41.37922
5.9627864516129,-74.14195,41.37923
5.10071290322581,-77.26196,41.38067
6.24241161290323,-74.73784,41.38069
6.91000774193548,-80.20999,41.38859
4.95425709677419,-77.99885,41.38938
5.26618709677419,-76.66619,41.39163
5.90237129032258,-79.47297,41.39334
5.62869161290323,-78.73589,41.3936
5.43404580645161,-76.07026,41.39965
6.07468741935484,-73.68591,41.40243
4.93864709677419,-77.40313,41.40396
6.07514677419355,-75.47421,41.40475
6.37601161290323,-74.28198,41.40614
5.31734903225806,-74.87811,41.40691
7.28711096774194,-80.35212,41.40843
5.00952161290323,-78.1403,41.41181
6.18037419354839,-79.61488,41.41404
5.36488483870968,-78.87758,41.41517
5.21416258064516,-76.80718,41.41561
5.13827903225806,-76.21106,41.42433
4.87087967741936,-77.54441,41.42708
6.87777451612903,-80.49432,41.4281
5.61467129032258,-73.8258,41.42986
7.7061264516129,-75.61481,41.43011
6.95232870967742,-74.42213,41.43288
5.20471935483871,-75.01848,41.43296
5.14630870967742,-78.28183,41.43407
7.09485870967742,-79.75688,41.43458
5.42158967741935,-79.01936,41.43657
5.27281032258065,-76.94828,41.43943
4.61638612903226,-70.6666,41.44386
5.15270387096774,-76.35196,41.44884
4.88384580645161,-77.68578,41.45004
6.45603064516129,-79.89897,41.45494
6.4021635483871,-75.7555,41.45531
5.2903535483871,-78.42345,41.45616
6.27261838709677,-73.96581,41.45713
5.57780903225806,-79.16122,41.4578
5.30171225806452,-75.15896,41.45885
5.4390964516129,-74.56238,41.45947
5.22654838709677,-77.08947,41.46307
4.88127419354839,-77.82724,41.47283
5.20052806451613,-76.49297,41.47318
6.60310193548387,-80.04115,41.47515
5.80375838709677,-78.56518,41.47809
5.54140870967742,-79.30318,41.47886
5.93909709677419,-75.8963,41.48035
6.68277967741935,-74.10593,41.48425
5.49522483870968,-75.29955,41.48458
5.27581709677419,-74.70274,41.48589
5.05262032258064,-77.23076,41.48656
6.89464193548387,-80.1834,41.49518
4.90482419354839,-77.9688,41.49545
5.20947709677419,-76.63406,41.49736
5.75512161290323,-79.44522,41.49976
5.71446225806452,-78.70699,41.49986
5.57392774193548,-76.03721,41.50522
5.60760935483871,-73.64916,41.50731
4.94427096774194,-77.37215,41.50988
5.56300741935484,-75.44024,41.51015
6.46497064516129,-74.24616,41.5112
5.24957612903226,-74.8432,41.51214
6.64058419354839,-80.32574,41.51505
4.96630967741936,-78.11046,41.51791
5.79698483870968,-79.58735,41.5205
5.19800161290323,-76.77527,41.52137
5.37951967741935,-78.84888,41.52145
5.28520870967742,-76.17822,41.52993
4.84660129032258,-77.51363,41.53304
6.64489322580645,-80.46815,41.53475
6.02518548387097,-73.78926,41.53479
6.40142806451613,-75.58103,41.53555
5.77115935483871,-74.38651,41.53798
5.15498096774194,-74.98378,41.53823
5.26205516129032,-78.2522,41.54021
6.27614225806452,-79.72956,41.54106
5.38792,-78.99088,41.54288
5.17751290322581,-76.91657,41.54523
5.08930580645161,-70.62521,41.54777
5.34597870967742,-76.31932,41.55448
4.84015806451613,-77.65521,41.55603
5.94973290322581,-75.72194,41.56079
6.19021096774194,-79.87186,41.56146
6.91995774193548,-73.92947,41.5621
5.09680129032258,-78.39404,41.56233
5.41914741935484,-79.13296,41.56414
5.50482806451613,-75.12447,41.56417
5.23959903225806,-74.52696,41.5646
5.31874129032258,-77.05798,41.56891
4.8130164516129,-77.79689,41.57885
5.39015419354839,-76.46053,41.57886
6.4720835483871,-80.01425,41.58169
5.15670967741935,-78.53597,41.58429
5.44898225806452,-79.27512,41.58524
6.0610335483871,-75.86295,41.58587
6.37538741935484,-74.06979,41.58925
5.83489580645161,-75.26525,41.58993
5.19723258064516,-74.66752,41.59106
5.15057612903226,-77.19947,41.59243
4.85147,-77.93866,41.60151
7.25305709677419,-80.15672,41.60176
5.21901419354839,-76.60184,41.60307
5.25291451612903,-78.67799,41.60609
5.55384451612903,-79.41738,41.60617
5.64078548387097,-70.90311,41.60951
6.41438129032258,-76.00405,41.61077
5.69203322580645,-73.61231,41.61217
5.64879129032258,-75.40615,41.61554
5.06406838709677,-77.34107,41.61579
5.88387451612903,-74.21023,41.61624
5.10941677419355,-74.8082,41.61736
5.22612290322581,-70.44473,41.6205
6.75102419354839,-80.29927,41.62165
4.94252290322581,-78.08052,41.624
5.69050387096774,-79.55972,41.62694
5.2343364516129,-76.74326,41.62712
5.47607709677419,-78.82011,41.62772
4.11856677419355,-69.98623,41.62976
5.56436193548387,-76.14526,41.63552
4.88142387096774,-77.48277,41.63898
6.36675129032258,-73.75261,41.63969
5.58901,-71.04224,41.64014
5.57333096774193,-75.54716,41.64098
6.55060806451613,-80.44191,41.64138
5.19570387096774,-74.35078,41.64306
4.98230516129032,-74.94897,41.64349
5.02215741935484,-78.22248,41.64633
6.14417612903226,-79.70216,41.64753
5.28051032258065,-78.96231,41.64918
5.29135612903226,-76.88477,41.65101
5.42512903225806,-70.58369,41.65165
5.51352806451613,-76.28658,41.6601
4.62653709677419,-70.12498,41.66144
4.88468903225806,-77.62456,41.662
5.65440483870968,-75.68826,41.66625
7.36623322580645,-73.89302,41.66704
5.97297677419355,-79.84467,41.66796
5.05560193548387,-78.36453,41.66849
5.02544387096774,-75.08987,41.66946
5.11269741935484,-74.49143,41.66972
5.35965032258065,-79.10461,41.67048
5.44001129032258,-77.02637,41.67473
5.49848032258064,-76.428,41.68452
4.80964032258064,-77.76644,41.68486
6.13201774193548,-79.98727,41.68822
5.08550064516129,-78.50668,41.69048
5.67029129032258,-75.82948,41.69136
5.34016870967742,-79.24699,41.6916
5.03379096774194,-70.26387,41.69296
6.71892483870968,-74.03355,41.69423
5.11260387096774,-75.23086,41.69526
5.70700258064516,-74.6322,41.69622
5.2927664516129,-77.16808,41.69828
4.86822290322581,-77.90842,41.70755
6.68098193548387,-80.12996,41.70832
5.36834548387097,-76.56952,41.70877
5.26414161290323,-78.64891,41.71231
5.41036548387097,-79.38946,41.71257
5.74119290322581,-70.86197,41.71348
5.75129129032258,-75.97079,41.71631
5.30981548387097,-73.57534,41.71702
5.25849612903226,-75.37196,41.72091
5.38622096774194,-74.17419,41.72126
5.58732161290323,-77.30989,41.72167
5.27041709677419,-74.77307,41.72255
5.22691612903226,-70.40289,41.72432
6.28724225806452,-80.27273,41.72824
5.14368612903226,-78.0505,41.73008
5.37661741935484,-76.71114,41.73286
5.52644322580645,-79.53201,41.73336
5.18557258064516,-78.79124,41.73397
5.66502612903226,-76.11221,41.74109
5.70575,-71.0013,41.74416
5.62850161290323,-73.71584,41.74457
4.96619870967742,-77.4518,41.7449
5.30737,-75.51317,41.74638
6.33957096774194,-80.41558,41.748
5.21471612903226,-74.31493,41.74812
5.2014935483871,-74.91406,41.74873
5.22215677419355,-78.19267,41.75243
5.85008548387097,-79.67466,41.75399
5.26180967741935,-78.93365,41.75547
5.6191964516129,-70.54204,41.75551
5.41433741935484,-76.85286,41.75677
4.24679193548387,-70.08263,41.76514
5.72897193548387,-76.25374,41.76571
4.93524709677419,-77.5938,41.76796
5.56604193548387,-75.65449,41.77169
6.23173483870968,-73.85646,41.77197
5.87923032258064,-79.81739,41.77445
5.3468164516129,-78.33493,41.77463
6.37097677419355,-71.14076,41.77467
4.97657516129032,-75.05515,41.77473
4.58203935483871,-74.4558,41.77482
5.72210032258065,-79.07616,41.77679
5.42296967741935,-76.99468,41.78053
5.76566064516129,-70.6813,41.78655
6.24593709677419,-76.39536,41.79016
4.8080264516129,-77.73589,41.79085
5.99682838709677,-79.96021,41.79474
5.32007967741936,-78.47729,41.79665
5.57525903225806,-75.79591,41.79684
5.77028709677419,-79.21876,41.79795
6.07651225806452,-73.99718,41.79919
4.90227096774194,-75.19636,41.80058
4.77498193548387,-74.59676,41.80136
5.48454129032258,-77.1366,41.80412
6.71846225806452,-71.28034,41.80502
4.8478735483871,-77.87809,41.81357
5.70976193548387,-76.53709,41.81445
6.39535483870968,-80.10311,41.81486
5.68258387096774,-70.82071,41.81743
5.17680225806452,-78.61974,41.81852
5.57939741935484,-79.36144,41.81894
5.68329322580645,-75.93743,41.82182
5.22667032258065,-73.53826,41.82184
5.08740129032258,-75.33767,41.82625
5.33305677419355,-74.13803,41.82626
5.23168741935484,-77.27862,41.82755
4.97415548387097,-74.73785,41.82773
6.20067548387097,-80.2461,41.83482
4.90871387096774,-78.02038,41.83613
5.52672,-76.67892,41.83857
5.51711677419355,-79.50422,41.83977
5.11261225806452,-78.76228,41.84021
5.48407419354839,-76.07906,41.84664
6.13751903225806,-70.96024,41.84815
5.40475806451613,-73.67896,41.84943
5.10110129032258,-77.42073,41.8508
5.26124032258064,-75.47908,41.85177
4.62749290322581,-74.27898,41.85316
4.81151129032258,-74.87904,41.85394
6.22995516129032,-80.38917,41.85461
4.98565903225806,-78.16277,41.85852
5.75997838709677,-79.64708,41.86043
5.13611096774193,-78.90491,41.86173
5.58990419354839,-76.82085,41.86253
5.56003032258065,-76.22079,41.8713
5.13316580645161,-77.56295,41.87389
5.74547935483871,-73.81978,41.87687
5.43203806451613,-75.62061,41.87712
6.80364870967742,-71.09988,41.87871
4.39989419354839,-74.42004,41.8799
4.79826096774194,-75.02034,41.87999
5.15227483870968,-78.30524,41.88075
5.8971564516129,-79.79002,41.88092
5.33473290322581,-79.04763,41.88309
5.50987258064516,-76.96288,41.88631
5.60404935483871,-70.63972,41.89043
5.78151903225806,-76.36263,41.89579
4.93172935483871,-77.70525,41.89682
6.0487235483871,-79.93306,41.90124
5.64915419354839,-75.76223,41.9023
5.37909870967742,-78.44781,41.90281
7.38061548387097,-73.96072,41.90414
5.85384451612903,-79.19044,41.90428
4.75806967741935,-75.16174,41.90587
4.36559032258065,-74.56122,41.90648
6.90635161290323,-71.23967,41.90911
5.36843677419355,-77.10502,41.90994
4.96324419354839,-77.84766,41.91958
6.08895290322581,-76.50457,41.92011
5.99579387096774,-70.77932,41.92136
6.15982032258065,-80.07618,41.92139
5.64692161290323,-78.59047,41.9247
5.52640548387097,-79.33334,41.9253
5.51994322580645,-75.90397,41.92732
5.53429419354839,-74.10176,41.93124
4.96210225806452,-75.30326,41.93158
4.48375387096774,-74.70251,41.93289
5.32128129032258,-77.24725,41.9334
7.49649387096774,-71.37957,41.93934
6.15660419354839,-80.21938,41.94138
4.95847161290323,-77.99017,41.94217
5.56932903225806,-76.64661,41.94426
5.60183548387097,-79.47633,41.94616
5.2785235483871,-78.73323,41.94643
6.34794419354839,-70.91904,41.95212
5.62082903225806,-76.04581,41.95218
5.42861709677419,-73.64197,41.95428
5.30458548387097,-77.38957,41.95669
5.14230419354839,-75.44489,41.95713
4.44122709677419,-74.24292,41.95818
4.71606129032258,-74.8439,41.95914
6.26106612903226,-80.36267,41.9612
5.09798677419355,-78.13276,41.9646
5.87672225806452,-79.61941,41.96685
5.12776290322581,-78.87608,41.96798
5.71608193548387,-76.78875,41.96825
5.63177838709677,-76.18774,41.97687
5.12195161290323,-77.532,41.97982
5.61648967741935,-73.78299,41.98175
5.51794580645161,-75.58662,41.98252
6.7734264516129,-71.05889,41.98272
4.19355096774194,-74.38419,41.98496
4.7232364516129,-74.98541,41.98522
5.12652290322581,-78.27545,41.98685
5.79447161290323,-79.76257,41.98737
5.20398419354839,-79.01901,41.98937
5.76723129032258,-76.93099,41.99208
5.92463,-76.32979,42.00139
5.07117870967742,-77.67452,42.00277
5.96817516129032,-79.90583,42.00772
5.83252322580645,-75.72845,42.00774
5.28483774193548,-78.41824,42.00895
6.94320064516129,-73.92413,42.00906
5.5411564516129,-79.16204,42.0106
4.74743258064516,-75.12703,42.01114
4.13020806451613,-74.52557,42.01158
7.02036032258065,-71.19887,42.01316
5.48390612903226,-77.07333,42.01574
6.25431612903226,-70.7378,42.02526
5.05501677419355,-77.81714,42.02557
6.47160838709677,-76.47194,42.02575
6.55759709677419,-80.04916,42.0279
5.29769064516129,-78.56111,42.03087
5.68069677419355,-79.30515,42.03165
6.09025612903226,-75.87039,42.0328
4.84694096774194,-74.06538,42.03621
4.78048419354839,-75.26875,42.03689
4.29710774193548,-74.66706,42.03803
5.34339322580645,-77.21577,42.03923
6.67198677419355,-72.40145,42.04205
6.92176419354839,-71.33897,42.04345
6.95085225806452,-80.19259,42.04792
5.10771806451613,-77.95985,42.04819
5.91127193548387,-76.61419,42.04994
4.86708580645161,-73.00308,42.05205
5.61530516129032,-79.44836,42.05254
5.17086064516129,-78.70409,42.05263
6.79516032258064,-70.87772,42.05607
6.57916419354839,-76.01244,42.05769
6.35896451612903,-71.94043,42.05867
5.38063516129032,-73.60486,42.0591
5.13419774193548,-75.41058,42.06248
5.22851032258064,-77.35831,42.06256
4.24123387096774,-74.20674,42.06319
4.46704709677419,-74.80866,42.06432
5.17736548387097,-78.10267,42.07065
8.79413032258065,-72.54214,42.07095
5.72518290322581,-79.59166,42.07326
6.88272741935484,-71.47919,42.07356
6.57396419354839,-76.75655,42.07397
5.19070677419355,-78.84715,42.07422
4.85698225806452,-73.14404,42.08026
6.17657516129032,-76.15459,42.08242
5.20015064516129,-77.50095,42.08572
5.63519741935484,-73.74609,42.08661
7.25734806451613,-71.01777,42.08672
5.28220709677419,-75.55252,42.08791
6.05829548387097,-72.08096,42.0881
4.23039096774194,-74.34821,42.09
4.58715903225806,-74.95038,42.09044
5.20240290322581,-78.24557,42.09295
5.80720612903226,-79.73504,42.09381
5.30835258064516,-78.9903,42.09564
6.86509161290323,-76.89899,42.09783
7.84039709677419,-72.68295,42.09968
6.71702451612903,-71.61954,42.10352
5.97487451612903,-76.29685,42.10698
5.05763387096774,-73.28513,42.1083
5.14292129032258,-77.64369,42.10871
5.65440451612903,-75.69456,42.11317
6.50291741935484,-73.88743,42.11396
6.11815258064516,-79.87851,42.11419
5.84352870967742,-78.38857,42.11507
4.7456035483871,-75.0922,42.11639
4.24617225806452,-74.4898,42.11666
5.76745225806452,-79.13354,42.11689
7.30407451612903,-71.15794,42.1172
5.67221322580645,-72.2216,42.11737
5.86426096774194,-77.04155,42.12152
5.46845516129032,-72.82388,42.12825
5.60322967741936,-76.43921,42.13137
5.20578870967742,-77.78652,42.13154
6.46149516129032,-71.76003,42.13332
7.43673161290323,-80.02206,42.1344
5.27504709677419,-73.42632,42.13618
5.5609364516129,-78.53166,42.13702
6.23110290322581,-79.27688,42.13798
6.62748419354839,-75.83672,42.13826
4.41611516129032,-74.02888,42.14114
4.78660032258065,-75.23413,42.14219
4.37183387096774,-74.6315,42.14315
5.74266806451613,-77.1842,42.14505
6.67751290322581,-72.36237,42.14647
7.03906161290323,-71.29824,42.14753
5.56097225806452,-77.92945,42.1542
5.46162258064516,-76.58167,42.1556
4.81049225806452,-72.96493,42.15667
5.48202,-78.67485,42.15881
5.75859096774194,-79.4203,42.1589
6.55220225806452,-70.83627,42.15999
6.40033387096774,-71.90063,42.16295
6.52003290322581,-75.97898,42.16319
5.43548193548387,-73.56763,42.1639
5.0407635483871,-75.37617,42.16781
4.22409838709677,-74.17045,42.16817
5.21644870967742,-77.32696,42.16841
4.47353064516129,-74.77332,42.16947
8.4176935483871,-72.50326,42.17542
5.38110806451613,-78.07248,42.17669
7.05770612903226,-71.43867,42.17769
5.72442419354839,-79.56381,42.17965
5.61412064516129,-76.72424,42.17966
5.29498258064516,-78.81813,42.18044
4.81093193548387,-73.10609,42.18491
5.77090161290323,-76.12134,42.18795
7.49434903225806,-70.97652,42.19069
5.66746387096774,-73.70907,42.19145
5.11442870967742,-77.46981,42.1916
5.7883335483871,-72.04135,42.19242
5.35201741935484,-75.51832,42.19327
4.15448580645161,-74.31213,42.19502
4.62500709677419,-74.91524,42.19563
5.42133451612903,-78.2156,42.19901
5.71308483870968,-79.70741,42.20023
5.58761870967742,-78.9615,42.20189
6.17942677419355,-76.86691,42.20356
8.05531,-72.64427,42.20419
7.23087870967742,-71.57922,42.20769
5.62900419354839,-76.26381,42.21254
4.98827225806452,-73.24738,42.213
5.01668967741935,-77.61276,42.21463
5.46695193548387,-75.66058,42.21857
6.25264387096774,-73.85061,42.21884
5.97752419354839,-79.8511,42.22064
5.40029967741935,-78.35881,42.22117
7.99861064516129,-71.11689,42.22121
4.77867612903226,-75.05727,42.22163
4.24294741935484,-74.45393,42.22171
5.70681193548387,-72.1822,42.22173
5.58485258064516,-79.10496,42.22318
5.41639419354839,-77.00967,42.22728
5.17729387096774,-72.7854,42.23281
5.55061774193548,-76.40638,42.23697
5.09726612903226,-77.75581,42.23749
7.66158451612903,-71.71989,42.23753
5.39553193548387,-73.38878,42.24092
5.30998483870968,-78.50212,42.24316
5.62661935483871,-75.80294,42.2437
5.6641564516129,-79.24851,42.24429
4.47205258064516,-73.99227,42.24606
4.96198032258065,-75.19941,42.24746
4.38545516129032,-74.59583,42.24824
5.42317580645161,-77.15253,42.25085
6.13368516129032,-72.32317,42.25088
7.35905677419355,-71.25739,42.25158
5.12489,-77.89895,42.26019
5.52792322580645,-76.54905,42.26124
4.78964322580645,-72.92665,42.26126
5.42790935483871,-78.64552,42.26498
5.64464258064516,-79.39215,42.26524
6.74344258064516,-71.86069,42.2672
5.78634548387097,-75.9454,42.26866
5.33369258064516,-73.5303,42.26868
5.54013419354839,-75.34165,42.27312
4.33315225806452,-74.13405,42.27312
5.39870096774194,-77.2955,42.27424
4.49714225806452,-74.73785,42.2746
6.87654709677419,-72.46426,42.27986
7.3734035483871,-71.39801,42.28179
5.29861096774193,-78.04219,42.28271
5.51937612903226,-76.69183,42.28534
5.83792290322581,-79.53588,42.28602
5.37296903225806,-78.78902,42.28663
4.84987322580645,-73.06802,42.28955
5.56616677419355,-76.08798,42.29346
5.81396322580645,-73.67193,42.29627
5.63975290322581,-72.00162,42.29671
5.14467290322581,-77.43857,42.29747
5.49846612903226,-75.48402,42.29862
4.29971677419355,-74.27593,42.30002
4.69963612903226,-74.87998,42.3008
5.27325387096774,-78.18552,42.30507
5.44377193548387,-78.93261,42.30812
7.80523580645161,-72.60547,42.30868
6.03013806451613,-76.83471,42.30927
7.20548322580645,-71.53876,42.31183
5.25221548387097,-73.20951,42.31767
5.55486838709677,-76.23066,42.31809
5.17304064516129,-77.58173,42.32053
6.12135064516129,-73.81368,42.3237
5.36480677419355,-75.62648,42.32395
9.72671451612903,-71.07571,42.3252
5.42441322580645,-72.14267,42.32607
4.33588290322581,-74.41794,42.32675
4.79026709677419,-75.02222,42.32684
5.28811612903226,-78.32896,42.32726
5.53039129032258,-79.07629,42.32944
5.50112161290323,-76.97768,42.33303
5.21572580645161,-72.7468,42.33734
7.0102964516129,-71.67964,42.34171
5.57254322580645,-76.37344,42.34256
5.25129741935484,-77.725,42.34343
5.38063806451613,-73.35111,42.34563
5.64245838709677,-75.76905,42.34912
5.36707580645161,-78.47248,42.34928
5.41047451612903,-79.22005,42.35059
4.63909451612903,-73.95555,42.35096
5.02487290322581,-75.16457,42.3527
4.47115903225806,-74.56005,42.35332
5.45642032258065,-72.28384,42.35526
8.34326064516129,-71.21641,42.35561
5.30165838709677,-77.12077,42.35662
4.69191258064516,-72.88826,42.36583
4.96038838709677,-77.86835,42.36615
5.72004451612903,-76.51633,42.36686
5.33300096774194,-78.6161,42.37113
6.41799387096774,-71.82064,42.37143
5.52058677419355,-79.36391,42.37156
5.35778548387097,-73.49284,42.37343
5.58193903225806,-75.91173,42.37412
4.42936,-74.09753,42.37806
5.19715322580645,-75.30703,42.37841
4.62996032258065,-74.70228,42.37972
5.42735967741936,-77.26395,42.38005
6.06666548387097,-72.42513,42.38428
7.00086483870968,-71.35723,42.38586
5.12368161290323,-78.01181,42.38871
5.57130903225806,-76.65932,42.39099
5.38311064516129,-78.75982,42.39281
4.82955,-73.02983,42.39416
5.6474864516129,-76.05451,42.39895
5.39031806451613,-71.96177,42.40099
6.03784064516129,-73.63468,42.40107
5.26522516129032,-77.40723,42.40332
5.22467129032258,-75.4496,42.40394
4.39077387096774,-74.23962,42.405
4.72625322580645,-74.84462,42.40596
5.31443774193548,-78.15536,42.4111
7.45180322580645,-72.56655,42.41314
5.48438387096774,-78.90363,42.41433
5.88393483870968,-76.80241,42.41496
6.92489548387097,-71.49818,42.41595
5.47987451612903,-73.17152,42.42233
5.48804064516129,-76.1974,42.42362
5.12843387096774,-77.55061,42.42641
6.15128677419355,-73.77663,42.42853
8.88004806451613,-71.0344,42.42916
5.37464,-75.59227,42.42931
5.24813903225806,-72.10302,42.43038
4.36756935483871,-74.38184,42.43177
5.08002741935484,-74.98707,42.43203
5.40826612903226,-78.29901,42.43332
5.54629870967742,-79.04752,42.43568
5.5682135483871,-76.9456,42.43876
5.09309741935484,-72.70808,42.44184
6.57429,-71.63926,42.44587
5.86254096774193,-76.3404,42.44812
5.0957464516129,-77.69408,42.44934
5.72460064516129,-73.31333,42.45033
5.20008290322581,-75.73505,42.45451
5.58831806451613,-78.44276,42.45538
4.84670612903226,-73.91871,42.45584
5.54625064516129,-79.19151,42.45686
5.40131516129032,-75.12962,42.45793
4.46774161290323,-74.52416,42.45837
5.16005838709677,-72.24439,42.45961
8.2835935483871,-71.1753,42.45962
5.42361612903226,-77.0889,42.46238
4.63838258064516,-72.84975,42.47038
4.9899164516129,-77.83766,42.4721
6.82159451612903,-76.4835,42.47245
6.05089419354839,-71.78046,42.47564
5.41732935483871,-78.58659,42.47726
5.83338709677419,-79.33559,42.47787
5.18327161290323,-73.45526,42.47816
5.3584164516129,-75.87794,42.47955
4.55814838709677,-74.0609,42.48298
4.99890387096774,-75.27229,42.48367
4.56935935483871,-74.6666,42.48481
5.29757419354839,-77.23229,42.48585
5.39139129032258,-72.38589,42.48868
7.26115709677419,-71.31632,42.48991
5.15990258064516,-77.98133,42.49469
5.90760032258064,-76.6267,42.49662
4.64037193548387,-72.99152,42.49875
5.53417483870968,-78.73052,42.49898
5.58400290322581,-76.02094,42.50442
5.43617806451613,-71.92179,42.50523
5.90611032258064,-73.59731,42.50584
5.18190806451613,-77.37579,42.50914
5.12920548387097,-75.41508,42.50924
4.49151967741935,-74.2032,42.50995
4.70725806451613,-74.80914,42.51109
5.44547161290323,-78.12511,42.51711
6.16508483870968,-72.5275,42.51758
7.08974806451613,-71.45747,42.52004
5.61152612903226,-78.87454,42.52053
5.98224290322581,-76.77001,42.52063
4.96941612903226,-73.13342,42.52695
5.73169129032258,-76.16405,42.52913
5.23547387096774,-77.51939,42.53227
7.91349032258065,-70.99297,42.5331
6.62721129032258,-73.73948,42.53335
5.64276129032258,-75.55796,42.53465
5.4246035483871,-72.06324,42.53467
4.50715290322581,-74.34562,42.53676
4.85312419354839,-74.9518,42.53719
5.43766064516129,-78.26897,42.53937
5.52069580645161,-79.01866,42.5419
5.88560935483871,-76.91341,42.54446
5.8273964516129,-72.66925,42.54632
6.58804225806452,-71.59875,42.55001
5.79736903225806,-76.30726,42.55367
4.92878709677419,-73.27544,42.555
5.35354064516129,-77.66308,42.55523
5.16519774193548,-75.70096,42.55989
5.47198709677419,-73.88176,42.56069
5.67764129032258,-78.41293,42.56145
4.91734612903226,-75.09457,42.56314
4.50590258064516,-74.48815,42.5634
8.01389870967742,-71.13406,42.5636
5.49712612903226,-72.20482,42.56395
5.50835709677419,-77.05693,42.56812
4.64568548387097,-72.81111,42.5749
5.18765677419355,-77.80687,42.57803
5.87307129032258,-76.45057,42.57803
6.22114967741935,-71.74016,42.57981
4.94899741935484,-73.41757,42.58287
5.48383612903226,-78.55698,42.58337
5.29468451612903,-75.84406,42.58496
4.7796535483871,-74.02415,42.58787
4.94211580645161,-75.23745,42.58891
4.62924677419355,-74.6308,42.58988
5.17712258064516,-77.20054,42.59162
5.60388193548387,-72.34652,42.59305
7.94078612903226,-71.27529,42.59394
5.39292,-77.95076,42.60065
5.85050290322581,-76.59399,42.60224
4.54130870967742,-72.95309,42.60331
5.59362774193548,-78.70113,42.60512
6.70892935483871,-70.81023,42.60631
5.43059287096774,-71.88169,42.60946
5.47905096774194,-75.98727,42.60987
5.59573774193548,-73.55983,42.61059
5.06746193548387,-75.38044,42.61452
4.70411516129032,-74.16666,42.61488
5.06540935483871,-77.34425,42.61495
4.77512806451613,-74.77355,42.6162
6.37178193548387,-72.48834,42.622
5.58460612903226,-78.09475,42.62311
7.16085741935484,-71.41664,42.62411
6.02803161290323,-76.73751,42.62627
5.7136064516129,-78.84538,42.6267
4.86460419354839,-73.0952,42.63156
6.12283774193548,-76.13058,42.63461
7.03024419354839,-70.9514,42.63701
5.09377032258064,-77.48806,42.63811
6.89754032258065,-73.7022,42.63814
5.35613612903226,-72.02335,42.63894
5.36290516129032,-75.52354,42.63997
4.8901,-74.3093,42.64173
4.80324709677419,-74.91643,42.64234
5.50467548387097,-78.23883,42.64539
5.72932516129032,-78.98972,42.64811
5.91858032258065,-76.88113,42.65014
5.61304967741935,-72.63029,42.65078
6.10816774193548,-71.55812,42.65412
5.66688419354839,-76.27401,42.65918
4.80162967741935,-73.23742,42.65964
5.19532903225806,-77.63197,42.66111
5.15334451612903,-75.66675,42.66525
6.73414225806452,-73.84469,42.66552
5.71355225806452,-78.38301,42.66751
7.40657419354839,-71.0927,42.66756
4.99374677419355,-72.16512,42.66825
4.83035064516129,-75.0594,42.66832
5.00280387096774,-74.45203,42.66842
5.87123193548387,-77.02486,42.67384
4.41807,-72.77235,42.6794
5.72412677419355,-76.41753,42.68359
5.48544870967742,-77.77599,42.68394
5.32916293548387,-71.69973,42.68397
4.77308258064516,-73.37976,42.68756
5.60299064516129,-78.52728,42.68946
5.17246,-75.81007,42.69036
5.14939903225806,-73.98729,42.69274
4.9724064516129,-75.2025,42.69414
4.79555548387097,-74.59489,42.69493
5.3041764516129,-77.16869,42.69738
5.20570548387097,-72.30703,42.6974
7.67717483870968,-71.23412,42.69794
5.79032838709677,-77.92009,42.70659
5.8984464516129,-76.56116,42.70783
4.31968741935484,-72.91454,42.70785
5.8039364516129,-78.67165,42.71125
5.32732838709677,-75.95349,42.7153
5.36663612903226,-73.52222,42.71531
5.03678806451613,-75.3457,42.71978
4.91821419354839,-74.13001,42.71979
5.07954322580645,-77.31261,42.72074
4.69556419354839,-74.73785,42.72128
6.02795161290323,-72.44906,42.72639
5.87331838709678,-78.06429,42.72908
5.96124677419355,-76.7049,42.7319
6.36416193548387,-78.81612,42.73286
4.51507129032258,-73.05685,42.73614
5.58853322580645,-76.09702,42.74008
6.79711870967742,-70.90971,42.7409
6.81488806451613,-73.6648,42.7429
4.99378967741935,-77.45664,42.74393
5.34526258064516,-75.48901,42.74527
5.02007935483871,-74.27285,42.74668
4.77813612903226,-74.88094,42.74747
5.56913516129032,-78.2086,42.7514
6.15960064516129,-76.84874,42.75581
5.52620419354839,-76.24065,42.76469
5.20987322580645,-77.60077,42.76696
6.84478258064516,-73.8075,42.77032
5.25523548387097,-75.63243,42.77058
7.22367516129032,-71.05121,42.77149
4.98440225806452,-74.4158,42.7734
4.84617290322581,-75.02413,42.77348
5.76388967741935,-78.353,42.77355
5.72870870967742,-76.99268,42.77954
5.65727387096774,-76.3844,42.78913
5.58944193548387,-77.745,42.78983
4.8083664516129,-73.34184,42.79222
5.91962387096774,-78.49749,42.79554
5.23601193548387,-75.77596,42.79573
6.34492193548387,-73.95032,42.79758
4.93301129032258,-75.16743,42.79934
5.01019258064516,-74.55887,42.79995
5.52549064516129,-77.13673,42.80311
5.85373903225806,-77.88932,42.81252
5.87659419354839,-76.52824,42.8134
6.52825032258064,-78.64208,42.81735
5.1283635483871,-73.4845,42.82001
5.42402677419355,-75.9196,42.82071
5.21138258064516,-74.09325,42.82468
5.08544580645161,-75.31084,42.82502
4.98143548387097,-74.70204,42.82634
5.48141516129032,-77.28088,42.8265
5.86727,-78.03374,42.83504
6.08744677419355,-76.6722,42.83751
7.78616096774194,-78.78676,42.83899
7.01845032258064,-70.86788,42.84476
5.63643903225806,-76.06335,42.84552
5.92516612903226,-73.62729,42.84764
5.33737322580645,-77.42512,42.84974
5.3897235483871,-75.45437,42.85054
5.23965612903226,-74.23629,42.8516
5.00608483870968,-74.84534,42.85257
5.76729935483871,-78.17827,42.85739
6.59204032258065,-76.81625,42.86145
5.71659419354839,-76.20719,42.87016
5.52240258064516,-77.56947,42.8728
6.76389774193548,-73.7702,42.87511
5.47495,-75.59801,42.87589
5.42166322580645,-74.37946,42.87836
5.08894193548387,-74.98874,42.87862
6.07578193548387,-78.32288,42.87957
6.42495935483871,-76.96041,42.88522
5.7917735483871,-76.35115,42.89464
5.8371035483871,-77.71391,42.89569
5.22767967741935,-73.30379,42.89686
5.34956838709677,-75.74175,42.90107
6.29819064516129,-78.4676,42.90159
5.80608774193548,-73.91322,42.9024
5.14083451612903,-75.13226,42.90451
5.72167709677419,-74.52273,42.90496
5.86954161290323,-77.10467,42.90882
5.93082419354839,-77.85846,42.91842
6.34911612903226,-76.49522,42.91895
7.29227967741935,-78.61241,42.92343
5.17883806451613,-73.44666,42.92469
5.6653264516129,-75.8856,42.92609
5.54341032258065,-74.05636,42.92954
5.21157129032258,-75.27589,42.93023
5.62363322580645,-74.66612,42.93139
6.1348935483871,-77.24903,42.93225
6.12969870967742,-78.0031,42.94097
6.31918870967742,-76.63938,42.94309
8.78952258064516,-78.75732,42.94511
5.92567129032258,-76.02956,42.95094
5.72604548387097,-73.58966,42.95236
6.02990258064516,-77.3935,42.95551
5.44997419354839,-75.41962,42.95579
6.06411935483871,-74.19962,42.9565
5.43808258064516,-74.80962,42.95765
6.31299193548387,-78.14784,42.96336
8.52339290322581,-78.90231,42.96661
6.26557419354839,-76.78365,42.96706
6.47072903225807,-76.17363,42.97562
5.70329903225806,-77.53806,42.97861
6.18329870967742,-73.73278,42.97987
5.50476741935484,-75.56347,42.98118
6.26454612903226,-74.34299,42.9833
5.78260612903226,-74.95324,42.98374
6.23220483870968,-78.29268,42.98557
6.13816516129032,-76.92803,42.99087
6.11679096774194,-76.3178,43.00013
6.02463161290323,-77.68273,43.00154
5.62995193548387,-75.70743,43.0064
5.78106161290323,-73.87601,43.0072
6.49128483870968,-78.43761,43.00762
5.79893387096774,-75.09697,43.00967
5.29421548387097,-74.48648,43.00993
6.32868064516129,-77.07251,43.01451
6.02596225806452,-77.82749,43.0243
6.07476516129032,-76.46208,43.02448
5.18029870967742,-73.40871,43.02935
6.79063870967742,-78.58265,43.0295
6.25815935483871,-75.8515,43.03145
5.07221225806452,-74.01936,43.03437
5.95333870967742,-75.24081,43.03543
5.18905129032258,-74.63008,43.0364
6.02784387096774,-77.21709,43.03798
6.18704741935484,-77.97236,43.04688
6.02083580645161,-76.60647,43.04866
7.53266483870968,-78.72778,43.0512
7.01359387096774,-75.99567,43.05634
5.73046258064516,-73.55191,43.05706
5.91815451612903,-75.38477,43.06102
6.28406580645161,-77.36178,43.06127
5.09391258064516,-74.16283,43.06138
5.47609903225807,-74.7738,43.0627
6.22244870967742,-78.11732,43.0693
5.88043064516129,-76.75095,43.07266
7.88828935483871,-78.87299,43.07274
8.18272,-76.13995,43.08105
6.72499451612903,-77.50656,43.0844
6.0795964516129,-73.69524,43.0846
5.92022193548387,-75.52883,43.08644
5.24161225806452,-74.30641,43.08821
5.54096451612903,-74.91763,43.08883
6.14958258064516,-78.26237,43.09155
8.36461129032258,-79.01831,43.09411
5.95984322580645,-76.89555,43.0965
6.79696032258065,-76.28435,43.1056
7.39460129032258,-77.65144,43.10736
6.40586,-75.673,43.1117
5.28203451612903,-73.83868,43.11198
6.17225806451613,-78.40753,43.11363
5.59660612903226,-75.06158,43.1148
4.52687451612903,-74.45012,43.11489
6.02672032258064,-77.04025,43.12017
6.03869419354839,-76.42884,43.12998
6.38803677419355,-77.79643,43.13015
4.97257774193548,-73.37063,43.13398
6.44263322580645,-78.55279,43.13554
6.00692451612903,-75.81728,43.13679
4.51782483870968,-73.98225,43.13919
6.36445677419355,-75.20563,43.14059
4.41457322580645,-74.59393,43.14139
5.90396580645161,-77.18505,43.14367
6.14054580645161,-77.94151,43.15277
5.82644548387097,-76.57345,43.15419
7.12719709677419,-78.69814,43.15728
6.07185903225806,-75.96168,43.16171
5.38230322580645,-73.51405,43.16172
6.05188193548387,-75.3498,43.16622
4.40233129032258,-74.12592,43.16623
6.1608664516129,-77.32995,43.16701
4.47208516129032,-74.73786,43.16773
6.05234322580645,-78.0867,43.17522
5.66310516129032,-76.71815,43.17824
7.0278564516129,-78.84358,43.17884
6.77844870967742,-76.10618,43.18646
5.90855129032258,-73.65758,43.18931
6.77850161290323,-77.47496,43.19017
6.19359741935484,-75.49407,43.19168
4.27296870967742,-74.26972,43.19311
4.61446774193548,-74.8819,43.1939
6.19367709677419,-78.23198,43.19751
7.31637064516129,-78.98911,43.20024
5.8040864516129,-76.86297,43.20211
6.39993129032258,-76.25079,43.21105
7.61311064516129,-77.62006,43.21317
4.66524225806452,-73.80124,43.21672
5.46644451612903,-75.63847,43.21698
6.35020064516129,-78.37736,43.21962
4.14571967741935,-74.41364,43.21981
4.85047387096774,-75.02606,43.2199
5.80467258064516,-77.00788,43.22582
5.81383,-76.3955,43.23547
6.33946580645161,-77.76527,43.23599
4.8482364516129,-73.33243,43.23858
6.40662387096774,-78.52283,43.24156
5.20065580645161,-75.78297,43.2421
4.25862580645161,-73.94501,43.24397
5.00170903225806,-75.17033,43.24574
4.08472612903226,-74.55766,43.24636
5.67441838709677,-77.1529,43.24935
6.06697451612903,-77.91058,43.25864
5.59811483870968,-76.54032,43.25971
6.60689096774194,-78.6684,43.26333
5.51186419354839,-73.47606,43.26637
5.27935322580645,-75.92757,43.26706
4.02569322580645,-74.08891,43.27106
4.96283709677419,-75.31472,43.2714
5.55411548387097,-77.29803,43.27272
4.0960464516129,-74.70181,43.27274
6.02258193548387,-78.05598,43.28113
5.36568903225807,-76.68525,43.28379
6.58976677419355,-78.81407,43.28493
5.70274838709677,-76.07229,43.29185
7.34868193548387,-73.6198,43.29399
5.13471225806452,-75.45921,43.2969
3.98057129032258,-74.23291,43.29797
4.17324741935484,-74.84607,43.29894
6.15711967741936,-78.20148,43.30344
5.53707258064516,-76.21712,43.31647
4.84716516129032,-73.76367,43.32145
4.81058032258065,-75.60382,43.32223
3.95908612903226,-74.37704,43.32472
4.30307161290323,-74.99044,43.32498
6.09172258064516,-78.34708,43.32558
5.90118838709677,-76.36205,43.34092
4.94426870967742,-73.29411,43.34315
4.78617612903226,-75.74854,43.34739
5.94865967741935,-78.49278,43.34756
4.1135264516129,-73.90766,43.34874
4.42735806451613,-75.13493,43.35085
3.88322838709677,-74.52129,43.3513
5.4178164516129,-76.50709,43.3652
5.42656967741936,-73.43795,43.37098
4.81338451612903,-75.89336,43.37239
3.85961516129032,-74.05177,43.37585
4.5237064516129,-75.27953,43.37656
3.85533322580645,-74.66564,43.37772
5.08682677419355,-76.65224,43.38932
4.9943164516129,-76.03829,43.39721
5.76647096774194,-73.58191,43.39865
4.60073290322581,-75.42423,43.4021
3.79909709677419,-74.19598,43.40281
3.89649774193548,-74.81011,43.40396
5.22238483870968,-76.18334,43.42187
4.69138580645161,-73.72599,43.42614
4.49146516129032,-75.56906,43.42746
3.83798741935484,-74.34032,43.4296
4.00478903225806,-74.9547,43.43004
5.16236064516129,-76.32849,43.44636
4.48700677419355,-75.71399,43.45266
4.05728064516129,-73.87019,43.45347
4.13428161290323,-75.0994,43.45595
3.71683516129032,-74.48479,43.45622
5.48244806451613,-76.47375,43.47067
5.29609967741936,-73.39972,43.47557
4.57740322580645,-75.85904,43.47769
3.81806903225806,-74.0145,43.48063
4.31417322580645,-75.24422,43.48169
3.71524387096774,-74.62936,43.48267
4.74825516129032,-76.00419,43.50255
5.04258903225806,-73.54389,43.50328
4.6645535483871,-75.38915,43.50726
3.70106451612903,-74.15894,43.50763
3.72299838709677,-74.77405,43.50895
5.17729741935484,-76.14945,43.52724
4.47119193548387,-73.68819,43.53081
4.36860322580645,-75.53419,43.53267
3.68309677419355,-74.3035,43.53445
3.83488,-74.91885,43.53507
4.28954967741936,-75.67934,43.5579
4.07656967741935,-73.8326,43.55818
3.99465967741935,-75.06377,43.56102
3.62255096774194,-74.44817,43.56111
5.37157387096774,-73.36137,43.58014
4.41545741935484,-75.82461,43.58297
3.78955806451613,-73.97713,43.58538
4.11116290322581,-75.2088,43.5868
3.63506451612903,-74.59296,43.5876
4.6101435483871,-75.96998,43.60786
4.75202096774194,-73.50575,43.60788
4.60229451612903,-75.35395,43.6124
3.68177580645161,-74.12178,43.61241
3.66174967741935,-74.73787,43.61392
4.92408064516129,-76.11546,43.6326
4.36775096774194,-73.65026,43.63546
4.29999322580645,-75.49921,43.63785
3.62439419354839,-74.26656,43.63928
3.75697935483871,-74.88289,43.64008
4.2384864516129,-73.79488,43.66286
4.18557387096774,-75.64458,43.66312
3.60583903225806,-74.41144,43.66597
3.91617032258065,-75.02802,43.66606
4.32894096774194,-75.79006,43.68822
3.81951387096774,-73.93964,43.6901
4.02121096774194,-75.17327,43.69188
3.59796064516129,-74.55645,43.6925
4.69883516129032,-73.46749,43.71246
4.5794864516129,-75.93565,43.71315
3.74069290322581,-74.0845,43.71717
4.35721612903226,-75.31864,43.71752
3.66379838709678,-74.70157,43.71886
4.96802677419355,-76.08136,43.73792
4.32224290322581,-73.61221,43.74007
4.82739483870968,-75.46412,43.743
3.65987129032258,-74.22948,43.74408
3.77182806451613,-74.84681,43.74505
5.10605516129032,-76.22717,43.76251
4.25343225806452,-73.75706,43.76752
4.41187290322581,-75.6097,43.76831
3.62640806451613,-74.3746,43.77081
3.87811483870968,-74.99216,43.77108
4.38879612903226,-75.75541,43.79345
3.77990838709677,-73.90202,43.7948
4.01348419354839,-75.13763,43.79693
3.62512258064516,-74.51981,43.79738
5.07596387096774,-73.42912,43.81701
4.70173580645161,-75.90122,43.81842
3.76318806451613,-74.0471,43.82191
4.28120870967742,-75.28321,43.82261
3.67189322580645,-74.66515,43.82378
5.14512612903226,-76.04715,43.84322
4.33832806451613,-73.57405,43.84466
5.20378967741935,-75.42891,43.84813
3.68654516129032,-74.19231,43.84885
3.76509193548387,-74.81061,43.85001
5.16144774193548,-76.19318,43.86785
4.16515870967742,-73.71911,43.87215
4.90510225806452,-75.57472,43.87347
3.70089806451613,-74.33762,43.87562
3.8567235483871,-74.95618,43.87606
4.81240774193548,-75.72064,43.89865
3.70476419354839,-73.86428,43.89946
3.98906612903226,-75.10188,43.90195
3.72151806451613,-74.48306,43.90223
5.23702870967742,-75.86668,43.92365
3.67402161290323,-74.00958,43.92661
4.18287903225806,-75.24767,43.92768
3.72792064516129,-74.62862,43.92867
5.52538612903226,-76.01283,43.94849
4.39461741935484,-73.53576,43.94922
4.61937451612903,-75.39359,43.95323
3.64321935483871,-74.15501,43.95359
3.81601225806452,-74.7743,43.95493
5.50453548387097,-76.15908,43.97316
4.04165741935484,-73.68103,43.97675
4.94331419354839,-75.53963,43.97861
3.74410161290323,-74.30054,43.9804
3.88275161290323,-74.92009,43.98103
5.40391387096774,-76.30545,43.99765
5.19603193548387,-75.68577,44.00382
3.60486580645161,-73.82643,44.0041
4.01786516129032,-75.066,44.00695
3.7761035483871,-74.4462,44.00705
5.71654870967742,-75.83202,44.02887
3.55737806451613,-73.97195,44.03129
4.18336677419355,-75.21202,44.03271
3.81147290322581,-74.59198,44.03352
5.63413967741935,-75.97839,44.05374
4.77545419354839,-73.49735,44.05375
4.46678677419355,-75.35816,44.0583
3.60664290322581,-74.11758,44.05831
3.88250903225806,-74.73787,44.05983
5.4994435483871,-76.12487,44.07844
4.02429580645161,-73.64284,44.08131
4.81312903225806,-75.50441,44.08372
3.70481516129032,-74.26334,44.08516
3.9581235483871,-74.88388,44.08596
5.57027096774194,-76.27146,44.10297
3.56067580645161,-73.78845,44.10871
5.1542,-75.65078,44.10897
3.80884032258064,-74.40922,44.11184
4.10348387096774,-75.03001,44.11193
5.53366419354839,-75.79726,44.13405
3.47858967741935,-73.93418,44.13594
4.27916774193548,-75.17625,44.13773
3.91115935483871,-74.55521,44.13836
5.12824258064516,-73.45882,44.15825
5.63550774193548,-75.94385,44.15895
3.60014193548387,-74.08004,44.163
4.63344387096774,-75.32262,44.16335
3.98686161290323,-74.70132,44.1647
5.66502,-76.09055,44.18369
4.16827774193548,-73.60452,44.18586
4.89726161290323,-75.46909,44.1888
3.74257193548387,-74.22601,44.18989
4.08274612903226,-74.84756,44.19087
3.76970258064516,-73.75035,44.21329
5.25993741935484,-75.61568,44.21409
3.89057870967742,-74.37211,44.21661
4.25254387096774,-74.9939,44.21687
5.47060258064516,-75.76237,44.2392
3.69375290322581,-73.8963,44.24056
4.45072193548387,-75.14037,44.24271
4.16509096774194,-74.51833,44.24316
5.44685,-73.42016,44.26273
5.6902364516129,-75.90919,44.26415
3.88989548387097,-74.04238,44.26766
4.80299935483871,-75.28696,44.26837
4.15525387096774,-74.66467,44.26954
4.50333290322581,-73.56609,44.29037
5.49144161290323,-75.43365,44.29386
4.02457774193548,-74.18858,44.29459
4.2641564516129,-74.81111,44.29575
3.99648548387097,-73.71213,44.31784
5.45747903225806,-75.58046,44.31918
3.99542741935484,-74.33489,44.32135
4.43980258064516,-74.95769,44.32179
5.59056516129032,-75.72739,44.34433
3.91982903225806,-73.8583,44.34515
4.69361225806452,-75.10437,44.34766
4.18441290322581,-74.48132,44.34793
6.25381838709677,-73.38138,44.36717
3.94708838709677,-74.00459,44.37229
5.16943290322581,-75.25117,44.37336
4.28458483870968,-74.62788,44.37435
4.89946064516129,-73.52752,44.39486
5.62658774193548,-75.39809,44.39889
4.05583774193548,-74.15101,44.39925
4.44601,-74.77455,44.4006
4.36272483870968,-73.67378,44.42237
5.77523225806452,-75.54514,44.42425
4.1600864516129,-74.29755,44.42605
4.66518419354839,-74.92135,44.42668
6.21385290322581,-75.69228,44.44943
4.11932903225806,-73.82018,44.44971
5.03771741935484,-75.06826,44.45259
4.31332483870968,-74.44421,44.45268
7.46220548387097,-73.34247,44.47158
4.10472548387097,-73.96669,44.47689
5.67217322580645,-75.21529,44.47832
4.47510129032258,-74.59098,44.47914
5.86522387096774,-73.48883,44.49931
6.00208935483871,-75.36243,44.50389
4.15227,-74.11333,44.50389
4.66013451612903,-74.73788,44.50542
4.71197483870968,-73.63531,44.52686
6.42349193548387,-75.50969,44.52928
4.24582548387097,-74.26008,44.53073
4.98935451612903,-74.8849,44.53154
4.33378709677419,-73.78193,44.55424
7.40926806451613,-75.65706,44.5545
4.40624290322581,-74.40696,44.5574
5.58664806451613,-75.03203,44.55748
4.25053903225806,-73.92866,44.58146
6.50815677419355,-75.17928,44.58326
4.6389035483871,-74.55396,44.58389
7.59978129032258,-73.45002,44.60373
4.2640335483871,-74.07552,44.60851
6.65879387096774,-75.32664,44.60886
4.94785193548387,-74.70108,44.61021
5.47515258064516,-73.59673,44.63132
7.45959612903226,-75.47413,44.63429
4.3653035483871,-74.2225,44.63538
5.45579129032258,-74.84832,44.63637
4.64890096774193,-73.74355,44.65875
4.62600870967742,-74.3696,44.66208
6.42589870967742,-74.99567,44.66235
4.35995741935484,-73.89051,44.686
6.7247564516129,-75.14315,44.68816
5.00802225806452,-74.51682,44.68861
10.2514583870968,-73.41108,44.70812
4.37882612903226,-74.03759,44.71309
7.24095838709677,-75.29074,44.7138
5.55396548387097,-74.66416,44.71498
6.81495935483871,-73.55801,44.73576
8.21525870967742,-75.43845,44.73927
4.6426335483871,-74.18479,44.73999
6.09690903225806,-74.81162,44.74117
5.12530580645161,-73.70506,44.76322
5.15186064516129,-74.33212,44.76674
6.90158,-74.95921,44.76719
4.74494290322581,-73.85223,44.79051
7.31029516129032,-75.10691,44.79303
5.75381677419355,-74.47956,44.79331
4.85114129032258,-73.99953,44.81763
8.12258516129032,-75.25473,44.81871
6.31987096774194,-74.62713,44.81971
7.52138806451613,-73.51917,44.84015
5.42099,-74.14696,44.84458
6.97052516129032,-74.77481,44.84594
5.97454258064516,-73.66644,44.86766
6.5784864516129,-74.29451,44.87136
7.69675838709677,-74.92262,44.87199
5.81445935483871,-73.81384,44.89499
8.03837193548387,-75.07055,44.89788
6.80700677419355,-74.44218,44.89797
5.91549967741935,-73.96136,44.92215
7.72400806451613,-74.58997,44.92441
8.98190967741935,-73.48019,44.94452
6.67562225806452,-74.10901,44.94914
8.74472161290323,-74.73788,44.95067
7.55290967741935,-73.62769,44.97206
7.4752735483871,-74.25678,44.97596
9.27893935483871,-74.88592,44.97677
7.35534032258064,-73.77531,44.99944
